name,num,difficulty
surf_prosurf,34,2142.405
surf_monolith,34,1890.290
surf_shibboleth,34,1555.565
surf_exonic,33,1500.726
surf_gigapede,34,1402.982
surf_dune,40,1341.972
surf_medley_fix,34,1322.673
surf_kismet,32,1311.706
surf_firedancer,34,1300.556
surf_cavity,31,1254.393
surf_gigapede,33,1210.650
surf_monolith,39,1207.617
surf_executioner,31,1138.473
surf_abandoned,34,1129.820
surf_tormentor,40,1119.845
surf_fiellu_ksf,34,1111.717
surf_starvald,33,1107.968
surf_ruse,39,1107.657
surf_bugs,36,1103.915
surf_gigapede,36,1103.506
surf_bikini_bottom,34,1086.779,<--------------------------------- tier 10
surf_breach,34,1061.149
surf_nsz_fix,35,1037.476
surf_fornax,34,1036.857
surf_vitamin_e,38,1035.776
surf_joutsenlaulu,34,1031.988
surf_medley_fix,33,1027.015
surf_centipedes,35,1012.766
surf_kvas,34,991.838
surf_gigapede,35,990.551
surf_highlands,34,981.766
surf_prosurf,35,968.207
surf_facility,34,957.908
surf_sanctuary,33,957.741
surf_sinsane_ksf,31,953.560
surf_jitterbug,33,947.011
surf_sinsane2,31,945.122
surf_bugs,34,944.152
surf_technical,34,942.817
surf_anubis_ksf,34,925.985
surf_excess,38,925.458
surf_tensor2,35,921.134
surf_sinsane2,34,915.240
surf_thesteve,32,912.948
surf_chungus_fungus,33,902.552
surf_despair,34,894.399
surf_stitched,31,891.003
surf_sinsane2,32,879.748
surf_smol,34,876.915
surf_crucible,31,871.233
surf_revolution_fix,33,869.833
surf_technical,32,866.533
surf_starvald,34,864.838
surf_monolith,38,862.026
surf_vitamin_e,37,855.938
surf_quake,32,854.049
surf_gloomy,31,851.050
surf_expel,33,850.125
surf_mdrn,34,846.872
surf_slate,34,844.399
surf_hades2,34,843.412
surf_hotwheels_fix,38,842.045
surf_centipedes,34,840.529
surf_starvald,31,839.126
surf_kultur,33,837.508
surf_assail,34,834.938
surf_diet_mountain_dew,32,833.677
surf_vantica,34,833.512
surf_dune,34,830.930
surf_tensor2,33,829.186
surf_inferno,32,828.149
surf_remeanian,39,823.833
surf_prosurf,33,823.122
surf_starvald,32,814.344
surf_monolith,35,813.507
surf_spacemonkeys,33,808.542
surf_cannonball,32,804.560
surf_insects,31,801.558
surf_midsommar,34,797.476
surf_antagonist2,32,796.554
surf_anubis_ksf,37,793.984,<--------------------------------- tier 9
surf_monolith,36,789.041
surf_dune,35,787.311
surf_4am,34,786.977
surf_nightmare,31,786.645
surf_strike,31,776.804
surf_shodan,38,774.763
surf_goliath,34,769.445
surf_simpsons2,34,765.318
surf_hardline,31,763.789
surf_antagonist2,36,762.452
surf_loweffort,31,761.324
surf_sinsane2,33,758.648
surf_frus_njv,32,758.583
surf_shodan,40,758.313
surf_radiant,34,758.056
surf_centipedes,33,756.450
surf_hektik,31,755.717
surf_selenka2,32,754.960
surf_ab,36,754.182
surf_excess,34,753.570
surf_our,34,752.263
surf_1024,36,750.101
surf_autosave_fix,34,749.683
surf_antagonist,32,747.781
surf_dune,32,746.636
surf_monolith,37,745.345
surf_celestial,32,745.286
surf_anoobis,39,745.114
surf_n_turf,39,745.023
surf_vitamin_e,32,743.011
surf_4am,36,741.702
surf_happyhug,31,740.451
surf_huh,34,739.727
surf_era,31,739.260
surf_outra,33,737.343
surf_earthmover,32,736.638
surf_chungus_fungus,34,734.305
surf_expel,35,731.375
surf_minigolf_ksf,32,731.357
surf_anoobis,31,730.803
surf_germania,31,728.752
surf_antagonist2,37,727.862
surf_fiellu_ksf,32,726.406
surf_firedancer,35,725.895
surf_tormentor,36,723.380
surf_dune,33,722.284
surf_valpect,31,722.245
surf_hardline,32,719.813
surf_queen_of_the_ween,33,718.891
surf_citypop,32,717.223
surf_n_turf,33,716.049
surf_radiant,33,716.031
surf_chungus_fungus,35,714.234
surf_ofrenda,32,714.095
surf_anomaly,33,713.762
surf_scarlet_ksf,31,713.026
surf_vacant,31,711.099
surf_board_this_fix,33,708.816
surf_funhouse2,35,708.173
surf_axiom,34,706.729
surf_queen_of_the_ween,32,705.527
surf_metalpipes,32,705.192
surf_nesquik,36,704.544
surf_expel,36,703.359
surf_4am,33,702.622
surf_smol,31,702.059
surf_n_turf,40,700.672
surf_enigma,31,700.650
surf_breach,33,699.716
surf_zeonine,32,699.562
surf_hektik,34,698.745
surf_wicked,33,698.511
surf_nesquik,35,698.508
surf_ruse,34,698.476
surf_skipalot,32,695.610
surf_selenka2,31,692.063
surf_metalpipes,33,691.686
surf_tensor2,36,691.569
surf_sluice2,32,690.233
surf_shambles,31,689.413
surf_runewords2_lod,32,685.190
surf_bikini_bottom,35,684.964
surf_warped,31,682.867
surf_shade,32,681.676
surf_queen_of_the_ween,31,677.172
surf_centipedes,32,676.796
surf_warped,32,676.041
surf_agony,31,674.512
surf_perihelion,31,672.875
surf_pls,34,672.788
surf_muerto,31,672.145
surf_panta_rhei,32,671.832
surf_affliction,40,671.471
surf_tormentor,33,671.311
surf_disappointed_fix,31,669.403
surf_fabas,34,668.142
surf_666,36,666.667
surf_tycho_fix,34,666.109
surf_pls,36,664.467
surf_quake,33,663.006
surf_angelina,34,662.317
surf_hotwheels_fix,35,662.019
surf_tormentor,34,661.661
surf_pyzire_retexture,34,661.405
surf_calibration,31,660.493
surf_neoplasma_ksf,32,660.319
surf_monolith,40,660.202
surf_exonic,32,659.659
surf_zen2,35,659.585
surf_enlightened_ksf,33,658.814
surf_infrared,35,658.345
surf_cement,36,657.848
surf_fuchnut,33,657.758
surf_jaqen2,33,655.852
surf_dune,38,655.575
surf_sirius,33,655.280
surf_sirena,33,655.137
surf_monkeys2,31,654.634
surf_exonic,31,654.428
surf_saturday,32,653.207
surf_quake,36,649.923
surf_threnody,32,649.747
surf_corruption,31,649.459
surf_shibboleth,37,648.991
surf_damnation,33,647.232
surf_polonia,31,646.929
surf_quirky,35,645.096
surf_kvas,33,645.040
surf_christmas3,31,644.941
surf_twist,31,644.067
surf_1024,33,643.276,<--------------------------------- tier 8
surf_rise,34,643.115
surf_monolith,33,641.465
surf_sirena,32,641.022
surf_devs_ksf,31,640.574
surf_listless_ksf,33,639.106
surf_rocco_v2,32,638.709
surf_quirky,34,638.244
surf_remeanian,40,637.489
surf_anubis_ksf,38,637.434
surf_crank,34,637.040
surf_corruption,35,636.579
surf_shibboleth,38,636.484
surf_olivia,34,635.026
surf_techslop,31,634.597
surf_fungus,34,634.375
surf_tensor2,31,633.188
surf_embrace,35,632.961
surf_tycho_fix,32,632.873
surf_polygon,32,631.550
surf_tormentor,39,630.633
surf_1024,38,630.549
surf_ofrenda,36,630.437
surf_vienna,35,629.937
surf_paradigm,31,629.663
surf_angelina,36,629.433
surf_bikini_bottom,33,628.713
surf_germania,32,628.551
surf_chromatic,34,627.617
surf_lowestbidder,31,625.790
surf_eunoia,33,625.539
surf_carbon,34,623.831
surf_insects,32,621.438
surf_fast,33,621.385
surf_elysium4,31,621.045
surf_remeanian,38,620.832
surf_mudkip,35,619.402
surf_shibboleth,39,619.238
surf_autosave_fix,32,619.167
surf_autosave_fix,31,619.099
surf_spacemonkeys,32,618.968
surf_anubis_ksf,32,618.597
surf_board_this_fix,32,618.446
surf_banana_fix,31,618.195
surf_infrared,34,617.518
surf_airflow,31,617.259
surf_pls,40,616.440
surf_jumble,32,616.088
surf_era,32,615.745
surf_simpsons2,31,615.338
surf_stagejuan_ksf,33,614.726
surf_sinner_ksf,34,614.496
surf_midsommar,32,614.198
surf_sirius,31,614.001
surf_sedona,32,613.841
surf_ghost_busters,31,612.219
surf_theunexpected,31,611.585
surf_eryr2_fix,33,611.534
surf_excavation,36,611.047
surf_sandtrap2,34,610.748
surf_inferno,31,610.656
surf_crank,32,609.665
surf_techslop,32,609.533
surf_shibboleth,36,609.402
surf_brutalist,31,609.249
surf_cinnamon_fix,31,609.239
surf_rewind,34,609.159
surf_consistenza_diversa,32,609.051
surf_kultur,36,608.373
surf_tropic_ksf,34,607.536
surf_santorini3,31,607.012
surf_quirky,33,606.881
surf_ben10,31,604.985
surf_affliction,34,604.064
surf_firedancer,36,603.603
surf_salient2,32,602.789
surf_minecraft_fix,31,602.596
surf_shibboleth,32,601.088
surf_bugs,35,600.744
surf_hero,34,600.728
surf_firedancer,37,600.689
surf_beginner_hell,31,600.462
surf_yolo,33,600.460
surf_quake,35,600.419
surf_elysium4,33,599.859
surf_earthmover,31,599.723
surf_4am,32,599.659
surf_kairo,31,599.344
surf_insects,33,597.510
surf_fornax,32,597.351
surf_spacemonkeys,34,596.979
surf_pipeline,32,596.920
surf_1024,37,596.900
surf_paradigm,32,596.116
surf_shodan,36,595.346
surf_quirky,39,594.922
surf_nsz_fix,36,594.060
surf_medley_fix,32,592.996
surf_ruse,38,592.753
surf_1024,35,592.133
surf_gary_barlow,31,590.936
surf_jitterbug,32,590.863
surf_activation,34,589.801
surf_lost2,34,589.541
surf_polonia,32,589.219
surf_tensor2,32,588.226
surf_technique,34,587.097
surf_pls,35,586.247
surf_quirky,37,586.054
surf_remeanian,36,585.982
surf_vitamin_e,31,585.648
surf_hellenic,31,585.610
surf_sinister_evil,32,585.381
surf_ruse,40,585.110
surf_happyhug,33,584.998
surf_fungus,33,584.785
surf_dread,31,584.417
surf_suburbia,32,583.588
surf_cavity,32,583.345
surf_cosmo,32,582.681
surf_anomaly,31,582.368
surf_kultur,34,581.974
surf_shade,37,581.904
surf_rise,38,581.517
surf_not_so_prosurf,37,581.402
surf_doodles_njv,31,581.028
surf_angst,31,581.023
surf_kartune,36,580.920
surf_wasteland2,32,580.884
surf_life_of_cow,31,580.758
surf_ruse,33,580.603
surf_papertown,35,579.403
surf_rubiks_cube,31,579.400
surf_crimson,31,579.249
surf_breach,31,578.441
surf_illusion,32,578.291
surf_epicube,31,577.920
surf_era,33,577.663
surf_rewind,33,577.590
surf_salient,32,577.200
surf_affliction,37,576.946
surf_dune,31,576.169
surf_amaro,31,576.054
surf_sandtrap,33,575.995
surf_zeitgeist,32,575.951
surf_froots_ksf,35,575.553
surf_artifex,31,574.365
surf_excavation,37,574.245
surf_monkeys2,34,573.895
surf_halloween_fix,32,573.464
surf_epiphany,32,573.433
surf_sinister_evil,31,572.434
surf_torrential,31,572.361
surf_rands,33,572.310
surf_jagerbomb,32,571.235
surf_emerald,31,571.028
surf_vienna,34,570.796
surf_sinister2,31,570.762
surf_1024,34,570.563
surf_highlands,33,569.872
surf_ab,34,569.436
surf_autonomy,31,569.331
surf_suburbia,33,569.191
surf_board_this_fix,34,568.758
surf_runewords,32,568.233
surf_pls,33,567.844
surf_tronia_refix,33,567.825
surf_core_refix,32,567.752
surf_not_so_disaster,33,567.382
surf_monkeys,34,567.027
surf_4am,35,566.982
surf_vitamin_e,34,566.943
surf_beyer2,31,566.804
surf_thesteve,31,566.270
surf_huh,33,566.257
surf_technique,35,566.098
surf_sirius,32,565.607
surf_extremex2_5,31,565.141
surf_haze,31,564.777
surf_facility,33,564.743
surf_rise,37,564.085
surf_eon_fix,33,563.719
surf_affliction,35,563.460
surf_embrace,34,563.231
surf_papertown,33,562.731
surf_our,32,562.553
surf_greek_ksf,32,562.469
surf_not_so_quick,31,562.320
surf_axiom,33,562.174
surf_shade,36,561.296
surf_despair,33,560.854
surf_tronia_refix,32,560.609
surf_neoteric_retexture,31,560.252
surf_solace,32,559.611
surf_threnody,31,559.347
surf_happyhands5,31,559.027
surf_theunexpected,33,558.885
surf_kultur,31,558.844
surf_cannonball,31,558.733
surf_tycho2,32,557.971
surf_monkeys2,32,557.896
surf_technical,31,556.934
surf_helloworld,33,556.019
surf_zen,33,555.290
surf_fabas,32,554.621
surf_joutsenlaulu,32,553.701
surf_overgrowth2,31,553.496
surf_santorini_ksf,32,552.067
surf_yolo,32,551.837
surf_sluice2,33,551.016
surf_medley_fix,31,550.688
surf_botanica,35,550.636
surf_polygon,34,550.409
surf_kairo,36,550.308
surf_goliath,33,550.132
surf_despair,32,550.110
surf_axil,31,549.847
surf_zen,32,549.835
surf_frost,35,549.329
surf_the_internet,31,549.319
surf_bugs,32,548.238
surf_atonement,31,547.902
surf_shibboleth,31,547.535
surf_technical,33,547.350
surf_selenka2,35,547.298
surf_ben10,34,546.542
surf_banana_fix,33,545.324
surf_greek_ksf,33,545.283
surf_infrared,33,545.141
surf_hotwheels_fix,36,545.099
surf_earthmover,33,545.032
surf_nsz_fix,33,544.628
surf_corruption,36,543.903,<--------------------------------- tier 7
surf_quake,39,543.795
surf_whatever,31,543.688
surf_jaqen,33,543.424
surf_firedancer,31,543.096
surf_fuchnut,34,542.927
surf_angelina,39,542.278
surf_infrared,32,542.070
surf_aphelion,32,541.825
surf_olivia,35,541.589
surf_barbies_malibu_adventure,35,541.168
surf_korn,32,541.151
surf_forsaken,31,540.366
surf_aphelion,36,540.227
surf_serenity2,32,540.123
surf_fruits2,31,540.005
surf_helljumper,35,539.789
surf_not_so_quick,36,539.490
surf_harmony_fix,32,538.782
surf_lost,34,538.459
surf_hero,35,538.148
surf_shodan,39,537.668
surf_devs_ksf,33,537.625
surf_bugs,33,537.471
surf_vantica,32,537.434
surf_haze,32,537.430
surf_botanica,31,537.351
surf_aphelion,35,537.026
surf_listless_ksf,34,536.881
surf_citypop,31,536.692
surf_aura,38,536.087
surf_affliction,31,536.040
surf_shibboleth,33,534.904
surf_shade,34,534.865
surf_wicked,31,534.670
surf_loentra,32,534.599
surf_zeonine,31,534.578
surf_enigma,32,534.339
surf_ben10,39,533.991
surf_epiphany,31,533.908
surf_quake,37,533.792
surf_not_so_prosurf,34,533.195
surf_dune,37,533.070
surf_izded,33,532.898
surf_theme,33,532.736
surf_runewords2,35,532.432
surf_loentra,31,532.300
surf_twist,32,531.628
surf_remeanian,37,530.942
surf_papertown,32,530.712
surf_mwag_reloaded,34,530.436
surf_sequoia_fix,32,530.360
surf_shambles,33,529.143
surf_smol,35,529.122
surf_greenhouse,31,528.996
surf_not_so_generated,33,528.934
surf_n_turf,37,528.526
surf_jaqen2,32,528.482
surf_outside,34,527.914
surf_not_so_disaster,34,527.808
surf_android_ksf,33,527.330
surf_pandemonium_njv,32,527.102
surf_pipeline,31,526.906
surf_expel,34,526.863
surf_eryr2_fix,32,526.844
surf_consistenza_diversa,31,526.835
surf_creation,31,526.789
surf_apollo,33,526.370
surf_1024,32,526.087
surf_not_so_quick,34,525.511
surf_resource,31,525.135
surf_prosurf,32,524.966
surf_ab,35,524.626
surf_korn,33,524.395
surf_hollow,32,524.387
surf_lax,31,524.292
surf_asrown,31,523.978
surf_apollo,34,523.131
surf_y,31,522.924
surf_not_so_prosurf,35,522.028
surf_executioner,32,521.816
surf_santorini3,35,521.787
surf_ben10,33,521.722
surf_haze,33,521.569
surf_race_final,35,520.834
surf_shibboleth,40,520.292
surf_zen2,32,520.218
surf_kultur,32,520.206
surf_quake,34,520.103
surf_skipalot,34,519.999
surf_skipalot,31,519.976
surf_our,33,519.745
surf_bikini_bottom,36,518.932
surf_apollo,36,518.706
surf_vantica,36,518.282
surf_not_so_generated,31,518.067
surf_sexplizooimed,31,518.000
surf_kartune,34,517.793
surf_wicked,32,517.778
surf_anoobis,38,517.338
surf_runewords2,31,516.897
surf_selenka,31,516.850
surf_aphelion,31,516.309
surf_jive,32,516.093
surf_pls,38,515.702
surf_undergrowth,33,515.216
surf_ezclap,31,514.733
surf_zeitgeist,33,514.601
surf_disaster,32,514.186
surf_remeanian,35,514.168
surf_affliction,39,513.816
surf_4head,33,513.302
surf_botanica,36,513.256
surf_firedancer,32,513.213
surf_pantheon,33,512.863
surf_wasteland,32,512.385
surf_wizard,32,512.358
surf_monkeys,32,512.313
surf_yolo,31,512.270
surf_pantheon,32,512.151
surf_froots2,32,511.582
surf_garden_h,33,511.538
surf_vestige_fix,32,511.511
surf_elysium5,32,511.404
surf_wasteland2,35,511.343
surf_sc_essence_v2,31,510.581
surf_hardline,34,509.991
surf_earthmover,36,509.657
surf_greek_ksf,31,509.250
surf_polygon,33,509.192
surf_crush2,31,509.001
surf_panta_rhei,31,508.352
surf_4dimensional,31,508.242
surf_golden_refix,33,507.598
surf_be_gentle,32,507.555
surf_fornax,33,507.067
surf_not_so_prosurf,31,506.773
surf_frus_njv,31,506.579
surf_barbies_malibu_adventure,38,506.067
surf_vestige_fix,35,505.991
surf_ruse,37,505.978
surf_not_so_quick,32,505.883
surf_scarlet_ksf,33,505.674
surf_raqqit,31,505.647
surf_hardline,33,504.913
surf_rst,31,504.868
surf_joutsenlaulu,33,504.333
surf_slate,33,504.317
surf_goliath,32,504.072
surf_funhouse2,37,503.942
surf_trihard,31,503.499
surf_sluice2,34,503.416
surf_healthy,31,502.971
surf_radiant,32,502.899
surf_angst,33,502.692
surf_nesquik,33,502.404
surf_ruse,32,502.283
surf_anything,32,502.041
surf_angelina,33,501.800
surf_instantdeath,34,501.075
surf_hyper,31,500.972
surf_offskill,31,500.830
surf_runewords2_lod,31,500.797
surf_aircontrol_ksf,31,500.597
surf_plaguelands_beta7a,31,500.559
surf_yolo,34,500.460
surf_fortress_ksf,35,500.386
surf_runewords2,32,500.351
surf_ben10,36,500.257
surf_ben10,35,499.176
surf_n_turf,36,499.127
surf_awakening,31,499.068
surf_crank,33,498.896
surf_pancake,31,498.883
surf_lab,31,498.755
surf_tycho2,34,497.837
surf_dune,36,497.398
surf_zoomboys,31,497.338
surf_limbo,32,497.236
surf_mate,33,496.716
surf_pipeline,33,496.576
surf_fortress_ksf,34,496.550
surf_fornax,37,496.520
surf_fungus,35,495.898
surf_pls,39,495.844
surf_vitamin_e,36,495.796
surf_huh,36,495.304
surf_facility,31,495.258
surf_crimson,33,495.210
surf_nyze,32,495.132
surf_synada,33,494.841
surf_lt_unicorn,31,494.310
surf_wizard,33,494.212
surf_zbig2,32,494.138
surf_extremex2_5,32,493.739
surf_spacemonkeys,31,493.021
surf_illumination2,33,492.945
surf_antagonist2,34,492.940
surf_loweffort2,34,492.905
surf_bluewall_v2,32,492.750
surf_grotto,32,492.430
surf_tormentor,31,491.976
surf_fractal,31,491.972
surf_kartune,31,491.588
surf_illusion,33,491.502
surf_quasar_final,31,491.436
surf_jumble,33,491.290
surf_not_so_prosurf,36,490.761
surf_atonement,32,490.532
surf_santorini_ksf,31,490.506
surf_quirky,36,490.448
surf_nova,32,490.003
surf_depths,31,490.000
surf_bugs,31,489.474
surf_seraph,31,489.384
surf_serenity2,33,489.243
surf_trapped,32,489.130
surf_prevail,31,488.778
surf_fortress_ksf,33,488.157
surf_funhouse2,32,488.069
surf_gekar,32,487.851
surf_revolution_fix,32,487.796
surf_1998,31,487.642
surf_anubis_ksf,33,487.449
surf_selenka,32,487.345
surf_eon_fix,32,487.283
surf_damnation,31,486.911
surf_instantdeath,32,486.674
surf_infrared,31,486.487
surf_radiant,31,486.267
surf_vienna,32,486.128
surf_sinner_ksf,32,486.001
surf_technique,33,485.887
surf_polytron,31,485.705
surf_core_refix,31,485.300
surf_tropic_ksf,35,485.118
surf_nyx,33,484.958
surf_crimson,32,484.917
surf_banana_fix,32,484.900
surf_n_turf,34,484.799
surf_wood,31,484.772
surf_chasm,34,484.650
surf_vestige_fix,34,484.590
surf_infamous_ksf,31,484.414
surf_sunday,32,484.370
surf_santorini_ksf,35,483.923
surf_nesquik,34,483.606
surf_tequila,31,483.464
surf_runewords2,33,483.335
surf_faint_fix,32,482.675
surf_devil,31,482.622
surf_beverages_remix,32,480.503
surf_not_so_quick,35,480.060
surf_barbies_malibu_adventure,36,479.950
surf_pagoda,33,479.924
surf_oompa2,31,479.780
surf_overgrowth2,32,479.741
surf_cement,35,479.469
surf_rewind,31,479.435
surf_expel,31,479.432
surf_hektik,32,479.058
surf_primero_fix,31,478.927
surf_aura,36,478.875
surf_sketchy,32,478.571
surf_monolith,32,478.464
surf_marbleblast_intermediate,31,478.427
surf_sandtrap2,33,478.321
surf_polygon,31,477.719
surf_cement,34,477.600
surf_hero,32,477.373
surf_chungus_fungus,36,477.167
surf_weirdcore,32,477.101
surf_fuchnut,32,476.565
surf_sempar_njv,31,476.558
surf_hektik,35,476.339
surf_unreal2,32,476.123
surf_tormentor,32,476.035
surf_vantica,31,475.917
surf_nemesis,32,475.879
surf_fungus,32,475.849
surf_expel,32,475.725
surf_whynot,32,475.633
surf_ben10,32,475.575
surf_quake,31,475.448
surf_lt_omnific,32,475.370
surf_solace,31,474.530
surf_whatever,32,474.403
surf_map_njv,31,474.360
surf_nebula,32,474.351
surf_1024,31,474.016
surf_voteforthisone,31,473.906
surf_carbon,31,473.904
surf_slobs,31,473.778
surf_endeavor,32,473.759
surf_tronia_refix,34,473.750
surf_despair,37,473.686
surf_gradient,31,473.671
surf_prismatic_ksf,31,473.654
surf_sedona,35,473.651
surf_north,32,473.650
surf_aphelion,34,473.202
surf_gleam2,32,473.122
surf_anoobis,40,472.980
surf_luminaris_refix,33,472.970
surf_fortress_ksf,36,472.944
surf_antimatter2,35,472.581
surf_gary_barlow,32,472.129
surf_selenka2,34,472.069
surf_santorini3,34,472.022
surf_serenity,33,471.807
surf_kairo,33,471.712
surf_eon_fix,31,471.449
surf_haze,36,471.364
surf_unraveled,31,471.112
surf_benevolent_refix,31,470.988
surf_gloomy,33,470.541
surf_botanica,34,470.456
surf_eryr,32,470.348
surf_sofia_fix,32,470.114
surf_jaqen2,31,470.090
surf_hollow,31,469.830
surf_aeron,31,469.742
surf_perihelion,34,469.612
surf_embrace,36,469.545
surf_funhouse2,36,469.344
surf_salvation,31,468.989,<--------------------------------- tier 6
surf_constrictor_remix,31,468.922
surf_shoria,31,468.623
surf_loves_spliff,31,468.604
surf_spaceship_ksf,31,468.485
surf_ben10,38,468.338
surf_bluewall_v2,33,468.115
surf_joutsenlaulu,31,468.067
surf_ebony,34,467.816
surf_fiellu_ksf,33,467.706
surf_whynot2,32,467.618
surf_frost,32,467.615
surf_runewords2_lod,34,467.496
surf_kloakk,31,467.428
surf_assail,33,466.984
surf_runewords2_lod,36,466.908
surf_nac,31,466.671
surf_deadline,31,466.646
surf_frost,34,466.587
surf_runewords2_lod,35,466.044
surf_monotony_ksf,32,465.919
surf_beverages_remix,33,465.627
surf_damn,32,465.540
surf_kz_mix_journeys,32,465.485
surf_frost,36,464.632
surf_not_so_disaster,35,464.583
surf_nsz_fix,34,464.550
surf_edge,32,464.464
surf_fortress_ksf,31,464.427
surf_hades2,33,464.242
surf_ruse,35,464.170
surf_chateau_fix,31,464.073
surf_runewords,31,463.886
surf_doomsday,31,463.883
surf_barbies_malibu_adventure,34,463.740
surf_ofrenda,31,463.688
surf_remeanian,34,463.509
surf_runewords2,34,463.230
surf_izded,31,463.179
surf_not_so_prosurf,33,463.100
surf_sentient,31,463.009
surf_stitched,32,462.957
surf_journeys,32,462.885
surf_slate,31,462.884
surf_meme,32,462.883
surf_quarantine,31,462.653
surf_boogie_woogie,35,462.041
surf_elysium2,31,461.841
surf_color_fix,31,461.733
surf_firedancer,33,461.706
surf_zeitgeist,31,461.553
surf_hero,31,461.551
surf_sinister2,32,461.508
surf_kismet,31,460.750
surf_sluice2,31,460.651
surf_board_this_fix,37,460.499
surf_corruption,32,460.430
surf_excess,35,460.083
surf_botanica,32,459.986
surf_botanica,33,459.875
surf_gleam2,33,459.805
surf_illumination2,31,459.735
surf_cement,31,459.593
surf_chromatic,33,459.537
surf_shambles,32,459.507
surf_kloakk,32,459.146
surf_delight,31,458.947
surf_deceptive_final,31,458.928
surf_n_turf,35,458.698
surf_koa,31,458.660
surf_eggplant,33,458.578
surf_epicube,32,458.110
surf_grotto,31,457.951
surf_me,34,457.802
surf_nesquik,32,457.631
surf_smol,32,457.227
surf_lab,32,457.125
surf_eryr,33,456.998
surf_concretejungle_fix,34,456.916
surf_seaside,33,456.880
surf_deadline,32,456.723
surf_demise,31,456.604
surf_rise,33,456.369
surf_rez2,34,456.281
surf_thesteve,33,455.925
surf_monkeys2,33,455.779
surf_fiellu_ksf,31,455.776
surf_sedona,31,455.753
surf_morbid2,32,455.646
surf_innokia,33,455.431
surf_monkeys,36,454.919
surf_doomsday,32,454.901
surf_hektik,33,454.595
surf_frost,33,454.551
surf_hero,33,454.343
surf_tronia_refix,31,454.324
surf_quickie_fix,35,454.073
surf_wizard,31,453.912
surf_concretejungle_fix,33,453.876
surf_theme,32,453.738
surf_tormentor,37,453.318
surf_techslop,33,452.993
surf_ebony,31,452.796
surf_n_turf,38,452.471
surf_ab,32,451.849
surf_luminaris_refix,36,451.754
surf_sunset2_fix,31,451.234
surf_tendies,32,450.932
surf_suburbia,31,450.891
surf_tempest4,34,450.691
surf_aux,31,450.643
surf_olivia,33,450.619
surf_orthodox,33,450.616
surf_secluded,32,450.544
surf_memories,32,450.283
surf_funhouse2,31,449.304
surf_rands,31,448.906
surf_subway,33,448.879
surf_nebula,33,448.769
surf_ny_momentum2_ksf,31,448.720
surf_luminaris_refix,34,448.642
surf_shade,35,448.516
surf_metalpipes,34,448.418
surf_not_so_prosurf,32,448.126
surf_board_this_fix,31,447.994
surf_gloomy,32,447.852
surf_despair,35,447.782
surf_angelina,35,447.675
surf_anoobis,36,447.613
surf_sinner_ksf,33,447.212
surf_jagerbomb,31,447.198
surf_frost,37,447.175
surf_anoobis,34,446.388
surf_castlewalls,31,446.306
surf_chungus_fungus,31,446.281
surf_remeanian,33,446.221
surf_smol,33,446.134
surf_earthmover,35,445.971
surf_north,34,445.936
surf_remeanian,32,445.778
surf_monolith,31,445.410
surf_memories,31,445.122
surf_wasteland,33,445.032
surf_velocity,31,445.014
surf_concretejungle_fix,31,444.392
surf_81st_network,31,444.317
surf_leesriize_ksf,34,444.242
surf_intense_ksf,32,444.167
surf_antimatter2,34,444.139
surf_resource,34,444.061
surf_santorini2,31,443.905
surf_goliath,31,443.580
surf_sofia_fix,33,443.570
surf_techsune_css,31,443.521
surf_quake,38,443.468
surf_be_gentle,31,443.092
surf_tequila,32,442.978
surf_north,31,442.918
surf_hope,31,442.352
surf_rubiks_cube,32,442.350
surf_mdrn,32,442.042
surf_weirdcore,31,441.775
surf_z,31,441.582
surf_ixtab,31,441.521
surf_believe,32,440.746
surf_zenith,31,440.693
surf_gleam2,31,440.618
surf_sedona,38,440.560
surf_refraxis,31,440.402
surf_funhouse2,33,440.312
surf_elysium5,34,440.252
surf_summer_ksf,31,440.034
surf_shodan,35,439.195
surf_shade,31,438.960
surf_shodan,33,438.811
surf_leesriize_ksf,33,438.718
surf_animals_ksf,31,438.639
surf_haze,35,438.458
surf_sacrifice,31,438.454
surf_axiom,31,438.171
surf_indecisive,31,438.158
surf_angelina,37,437.851
surf_undergrowth,31,437.598
surf_pandemonium_njv,31,437.305
surf_adventure_final,37,437.034
surf_diamond_beta1,31,436.912
surf_our,31,436.839
surf_devs_ksf,32,436.555
surf_tormentor,35,436.256
surf_like_this,33,436.110
surf_runewords,34,435.882
surf_r-ne,33,435.765
surf_dread,32,435.723
surf_jive,31,435.634
surf_celestial,33,435.445
surf_raphaello,31,435.134
surf_nuclear,32,434.870
surf_barbies_malibu_adventure,33,434.806
surf_ivory,31,434.594
surf_friday,31,434.375
surf_kalium,31,434.276
surf_bluewall_v2,31,434.104
surf_trihard,32,434.052
surf_cavity,33,433.744
surf_vienna,31,433.666
surf_cavity,34,433.660
surf_ruse,31,433.216
surf_forgotten,32,433.211
surf_like_this,32,433.082
surf_dynamics_fixed,31,432.974
surf_christmas,31,432.618
surf_construction,31,432.603
surf_overgrowth,32,432.589
surf_warped,33,432.522
surf_beginner2,34,432.239
surf_happyhands3,32,431.931
surf_aura,37,431.861
surf_midsommar,31,431.739
surf_ofrenda,35,431.712
surf_lt_omnific,33,431.680
surf_elysium3,32,431.591
surf_vector_final,31,431.576
surf_flatliners,31,431.484
surf_kairo,34,431.363
surf_crank,31,431.297
surf_activation,31,431.072
surf_lolrevlis,31,430.871
surf_placid,31,430.591
surf_mudkip,34,430.586
surf_antimatter2,31,430.530
surf_nova,33,430.528
surf_duggywuggy,31,430.380
surf_lessons,33,430.336
surf_methadone,31,430.335
surf_spectra,31,429.835
surf_lt_unicorn,34,429.770
surf_banger,31,429.670
surf_like_this,31,429.471
surf_crank,35,429.089
surf_hades,32,428.710
surf_desolate,32,428.519
surf_funhouse2,34,428.375
surf_quarantine,32,428.286
surf_minecraft_fix,32,428.254
surf_jumble,31,428.132
surf_cyka_ksf,32,428.089
surf_vast,31,427.795
surf_ardon_fix,36,427.694
surf_stagejuan_ksf,31,427.640
surf_shibboleth,35,427.617
surf_sketchy,33,427.539
surf_runewords,33,427.432
surf_efficacy,32,427.021
surf_fast,31,426.909
surf_castlewalls,32,426.888
surf_bonk,31,426.268
surf_voteforthisone,32,426.174
surf_gloomy,34,426.014
surf_sketchy,31,425.972
surf_second,31,425.971
surf_klue,31,425.965
surf_domain,32,425.853
surf_fornax,36,425.722
surf_reprise,32,425.695
surf_life_of_cow,32,425.280
surf_vestige_fix,33,425.218
surf_kira,31,425.066
surf_anoobis,32,425.052
surf_citypop,34,424.895
surf_minimumwage,31,424.797
surf_rise,32,424.408
surf_nsz_fix,32,424.338
surf_midsommar,33,424.167
surf_resource,32,423.596
surf_lepidus,31,423.547
surf_nyze,31,423.536
surf_vantica,35,423.511
surf_r-ne,32,423.370
surf_luminaris_refix,32,423.303
surf_eunoia,32,423.298
surf_flow_ksf,31,423.238
surf_diet_mountain_dew,31,423.110
surf_raphaello,32,423.091
surf_desolate,33,422.632
surf_helloworld,31,422.614
surf_spaceship_ksf,33,422.336
surf_666,34,422.245
surf_cartoon,31,422.033
surf_iceworld,31,421.707
surf_simpsons2,33,421.374
surf_orthodox,34,421.372
surf_tequila,33,421.247
surf_whynot2,31,421.238
surf_solace,33,421.085
surf_lt_omnific,31,420.939
surf_froots2,31,420.666
surf_happyhands4,31,420.658
surf_illumination,33,420.568
surf_santorini3,33,420.540
surf_excavation,35,420.302
surf_dhyana,31,419.976
surf_axil,32,419.975
surf_desolate,31,419.930
surf_nostromo,31,419.850
surf_theunexpected,32,419.759
surf_in_space,31,419.407
surf_not_so_disaster,32,419.243
surf_distraction_v2,31,419.128
surf_elysium,31,418.877
surf_bonk,32,418.636
surf_unreal2,31,418.363
surf_grid_ksf,32,418.312
surf_arcade,31,418.047
surf_tensor2,34,417.738
surf_fruits,31,417.502
surf_antimatter2,33,417.474
surf_mephobia_final,31,417.036
surf_yellow,34,416.859
surf_cinnamon_fix,33,416.854
surf_thembrium_njv,31,416.796
surf_25_lighters,31,416.458
surf_savant_njv,31,416.368
surf_ebony,32,416.283
surf_rewind,32,416.277
surf_lax,32,416.102
surf_eryr2_fix,31,416.081
surf_nsz_fix,31,415.935
surf_froots_ksf,31,415.836
surf_dragon,31,415.592
surf_revolution_fix,31,415.466
surf_resource,33,415.293
surf_not_so_generated,32,415.126
surf_listless_ksf,35,414.979
surf_paradigm,33,414.899
surf_selenka2,33,414.483
surf_scarlet_ksf,34,414.460
surf_kz_protraining,33,414.429
surf_damnation,32,414.346
surf_adrift_fix,31,414.242
surf_rise,36,414.104
surf_innokia,32,413.937
surf_cement,32,413.913
surf_666,35,413.822
surf_eryr,31,413.816
surf_fractal,32,413.677
surf_technique,31,413.673
surf_despair,36,413.649
surf_eunoia,31,413.623
surf_tycho2,31,413.413
surf_vitamin_e,35,413.316
surf_tundra_v2,31,413.277
surf_sedona,34,413.199
surf_tronic_njv,31,413.087
surf_zen2,34,412.940
surf_affliction,32,412.864
surf_innokia,34,412.715
surf_christmas2,31,412.483
surf_board_this_fix,36,412.422
surf_kairo,35,412.368
surf_boogie_woogie,33,412.331
surf_vienna,33,412.217
surf_grotto,33,411.910
surf_not_so_quick,33,411.832
surf_slobs,32,411.779
surf_rise,35,411.661,<--------------------------------- tier 5
surf_hyper2,31,411.569
surf_autumn_fix,32,411.241
surf_ben10,40,411.232
surf_elysium5,33,411.062
surf_happyhug,32,410.756
surf_ofrenda,33,410.669
surf_palm,31,410.405
surf_shade,33,410.032
surf_lockdown,32,410.002
surf_harmony_fix,31,409.895
surf_semesterbreak,32,409.869
surf_zen2,33,409.845
surf_tropic_ksf,33,409.795
surf_forgotten,34,409.718
surf_eggplant,32,409.714
surf_antagonist2,33,409.586
surf_helljumper,34,409.555
surf_kairo,32,409.441
surf_overgrowth,31,409.234
surf_axiom,32,409.195
surf_papertown,34,409.172
surf_ardon_fix,34,408.894
surf_illumination2,32,408.863
surf_remeanian,31,408.860
surf_izded,32,408.835
surf_angelina,38,408.804
surf_parc_colore,32,408.591
surf_halloween_fix,31,408.486
surf_embrace,31,408.150
surf_4head,32,408.145
surf_centipedes,31,408.104
surf_oddworld,32,408.067
surf_dova,31,408.036
surf_gleam,32,408.006
surf_me,33,407.809
surf_frost,31,407.284
surf_excess,37,407.090
surf_zor,31,407.000
surf_affliction,33,406.760
surf_elysium4,32,406.516
surf_activation,32,406.499
surf_cavemissile_fix,32,405.623
surf_shodan,32,405.615
surf_adventure_final,34,405.528
surf_honour,31,404.877
surf_concretejungle_fix,32,404.875
surf_earthmover,34,404.612
surf_wasteland2,34,404.517
surf_spectra,32,404.445
surf_papertown,31,404.424
surf_spacemonkeys,35,404.320
surf_damn,31,404.149
surf_sluice_final,35,404.009
surf_cement,37,403.888
surf_zen2,31,403.208
surf_kz_mix_journeys,33,403.150
surf_angst,32,402.865
surf_outside,32,402.621
surf_prosurf,31,402.367
surf_mudkip,32,402.259
surf_rustic_v2,31,402.013
surf_concretejungle_fix,35,401.900
surf_outside,33,401.813
surf_frequency_njv,31,401.799
surf_replicant,31,400.867
surf_disaster,31,400.723
surf_metalpipes,31,400.430
surf_garden_h,31,400.424
surf_delta,32,400.329
surf_olivia,31,400.242
surf_excavation,32,400.193
surf_frey2_ksf,32,400.113
surf_elysium5,31,399.993
surf_jaqen,32,399.961
surf_illumination,34,399.911
surf_bikini_bottom,37,399.898
surf_neoteric_retexture,33,399.855
surf_sedona,39,399.643
surf_slate,32,399.549
surf_ing,31,399.335
surf_shy,32,399.103
surf_epithet,31,399.077
surf_delight,33,398.921
surf_reprise,31,398.682
surf_apollo,32,398.363
surf_sanguine,31,398.287
surf_helljumper,31,398.150
surf_auroria_ksf,31,397.925
surf_vegetables,31,397.898
surf_sunday,31,397.843
surf_slob,31,397.550
surf_happyhands5,32,397.537
surf_loweffort2,33,396.996
surf_haze,34,396.992
surf_mdrn,33,396.929
surf_zeitgeist,34,396.580
surf_barbies_malibu_adventure,32,396.312
surf_water_run_ksf,31,396.038
surf_lax,33,395.797
surf_anubis_ksf,35,395.496
surf_jitterbug,31,395.356
surf_the_distance,33,395.255
surf_autosave_fix,35,395.149
surf_sluice_final,34,394.916
surf_nyx,32,394.907
surf_chasm,33,394.767
surf_rocco_v2,31,394.728
surf_serenity,31,394.686
surf_jaqen,31,394.192
surf_anthropomorphic,31,394.136
surf_like_this,34,394.045
surf_parc_colore,33,393.829
surf_hotwheels_fix,33,393.778
surf_salvation,32,393.614
surf_fuckyall,31,393.498
surf_believe,33,393.371
surf_apollo,35,393.310
surf_jumble,34,392.821
surf_antagonist2,31,392.751
surf_synada,31,392.732
surf_nesquik,31,392.442
surf_pyzire_retexture,31,392.431
surf_luminaris_refix,35,392.210
surf_beyer2,32,392.088
surf_activation,33,391.973
surf_lost2,32,391.904
surf_lithium,31,391.626
surf_despair,40,391.494
surf_ben10,37,391.331
surf_me,32,391.243
surf_believe,31,390.798
surf_kitsune2,31,390.589
surf_grid_ksf,34,390.086
surf_epithet,32,389.940
surf_sequoia_fix,31,389.938
surf_pls,32,389.835
surf_roman_v2,31,389.686
surf_board_this_fix,38,389.090
surf_rez2,33,389.077
surf_salient2,31,388.684
surf_silent,31,388.674
surf_gigapede,32,388.592
surf_wasteland2,31,388.571
surf_grid_ksf,33,388.123
surf_excess,36,387.830
surf_hotwheels_fix,37,387.761
surf_sluice_final,33,387.522
surf_sedona,33,387.463
surf_huh,32,387.286
surf_facility,32,387.190
surf_rapid,31,386.972
surf_rez2,31,386.879
surf_diminsion,32,386.735
surf_harmony_fix,33,386.585
surf_technical,35,386.351
surf_coralis_ksf,32,386.166
surf_autumn_fix,31,386.163
surf_edge,31,386.049
surf_enlightened_ksf,32,386.045
surf_serenity2,34,385.832
surf_kz_protraining,32,385.824
surf_chungus_fungus,32,385.821
surf_simpsons2,32,385.763
surf_sedona,37,385.557
surf_insects,34,385.414
surf_pyzire_retexture,33,385.355
surf_boogie_woogie,32,385.340
surf_vitamin_e,33,385.300
surf_cement,33,385.159
surf_beginner2,31,385.061
surf_summit,32,384.975
surf_cinnamon_fix,32,384.878
surf_inspire,31,384.550
surf_gekar,31,384.506
surf_secluded,34,384.108
surf_aphelion,33,384.096
surf_sodacity,35,383.969
surf_monkeys,35,383.904
surf_nostromo,32,383.725
surf_proliferation,31,383.058
surf_interstellar,31,382.981
surf_vitamin_e,39,382.965
surf_abandoned,31,382.844
surf_nemesis,31,382.757
surf_embrace,33,382.738
surf_stagejuan_ksf,32,382.703
surf_chateau_fix,33,382.647
surf_take1,31,382.421
surf_listless_ksf,31,382.381
surf_tropic_ksf,36,382.356
surf_tuscany,31,381.722
surf_not_so_sinister_ksf,32,381.641
surf_autosave_fix,33,381.436
surf_666,32,381.165
surf_outside,35,380.572
surf_loweffort2,35,380.500
surf_secluded,33,380.438
surf_excess,32,379.822
surf_monotony_ksf,31,379.773
surf_flow_ksf,32,379.674
surf_sippysip,32,379.656
surf_vale2,31,379.137
surf_illumination,36,379.003
surf_limbo,31,378.903
surf_innokia,31,378.740
surf_monkeys,33,378.604
surf_aux,32,378.310
surf_antimatter2,32,378.307
surf_goldarn,31,377.966
surf_ace,31,377.939
surf_antagonist2,35,377.887
surf_affliction,38,377.619
surf_excess,33,377.609
surf_breach,32,377.539
surf_perihelion,32,377.508
surf_highlands,32,377.347
surf_excavation,31,376.562
surf_frey2_ksf,31,376.329
surf_monkeys,31,376.187
surf_chromatic,31,376.157
surf_ardon_fix,33,376.117
surf_delta,31,375.943
surf_sunset,31,375.750
surf_zbig2,31,375.732
surf_shodan,37,375.454
surf_trapped,31,374.457
surf_lost,32,374.418
surf_crush,31,374.058
surf_echo,33,374.008
surf_anomaly,32,373.874
surf_fuchnut,31,373.827
surf_adventure_final,31,373.778
surf_low_production,31,373.704
surf_frequency_njv,32,373.629
surf_froots2,34,373.284
surf_serenity,32,373.114
surf_mate,32,372.903
surf_kartune,32,372.825
surf_ebony,33,372.728
surf_boogie_woogie,34,372.652
surf_faint_fix,31,372.615
surf_pipeline,34,372.578
surf_stickybutt_alpha,31,372.358
surf_mwag_reloaded,31,372.262
surf_tempest4,33,372.144
surf_4head,34,371.814
surf_golden_refix,31,371.756
surf_kvas,32,371.741
surf_dynasty,31,370.999
surf_helljumper,32,370.996
surf_anoobis,35,370.138
surf_sinsane_ez,31,369.811
surf_ab,33,369.725
surf_beyer2,33,369.674
surf_quickie_fix,34,369.659
surf_adventure_final,35,369.621
surf_mushroom_ksf,31,369.485
surf_original,31,369.418
surf_instantdeath,33,369.238
surf_journeys,33,369.176
surf_not_so_disaster,31,369.142
surf_tendies,33,368.675
surf_tormentor,38,368.288
surf_pls,37,368.166
surf_leesriize_ksf,32,367.576
surf_gleam2,34,367.420
surf_santorini3,32,367.320
surf_android_ksf,31,366.907
surf_quirky,32,366.489
surf_ivory,33,366.453
surf_forbidden_ways_ksf,31,366.196
surf_diverge,31,366.131
surf_vantica,33,365.792
surf_tranquil,33,365.525
surf_angelina,32,365.256
surf_1024,39,365.248
surf_kartune,35,364.988
surf_beyer2,34,364.927
surf_ofrenda,34,364.721
surf_sandtrap2,32,364.489
surf_smart,31,364.466
surf_despair,31,364.437
surf_2012_beta12,31,363.964
surf_dune,39,363.952
surf_synada,32,363.524
surf_injection_njv,31,363.466
surf_beginner2,32,363.369
surf_outra,32,363.357
surf_tropic_ksf,31,363.347
surf_chateau_fix,32,363.321
surf_yellow,32,363.150
surf_adventure_final,36,362.861
surf_tropic_ksf,32,362.549
surf_torque,32,362.503
surf_ab,31,362.454
surf_affliction,36,361.999
surf_neoteric_retexture,32,361.393
surf_sylvan,31,361.286
surf_cavemissile_fix,33,361.268
surf_bumpybusride,31,360.748
surf_android_ksf,32,360.571
surf_sirena,31,360.464
surf_kitsune2,32,360.314
surf_dova,32,360.105
surf_hotwheels_fix,32,359.723
surf_elysium3,31,359.233
surf_hob,32,359.142
surf_abandoned,32,358.593
surf_jenocide,31,358.440
surf_kultur,35,358.197
surf_santorini_ksf,34,358.181
surf_tempest4,35,358.162
surf_runewords2,36,358.116
surf_luminaris_refix,31,358.076
surf_forgotten,35,358.072
surf_leesriize_ksf,31,357.702
surf_mudkip,33,357.435
surf_christmas,32,357.420
surf_tempest4,37,357.124
surf_perennial,32,357.122
surf_santorini_ksf,33,356.889
surf_valpect,32,356.705
surf_huh,31,356.609
surf_psychedelia,31,356.240
surf_salient,31,356.172
surf_fabas,33,355.743,<--------------------------------- tier 4
surf_quirky,38,355.740
surf_sodacity,36,355.710
surf_board_this_fix,35,355.602
surf_25_lighters,32,355.468
surf_secluded,31,355.438
surf_chasm,32,354.909
surf_rocco_v2,33,354.864
surf_perennial,31,354.713
surf_anything,31,354.692
surf_lessons,31,354.606
surf_enlightened_ksf,31,354.324
surf_quickie_fix,32,353.872
surf_undergrowth,32,352.852
surf_fortress_ksf,32,352.607
surf_fungus,31,351.938
surf_transient,31,351.901
surf_perihelion,33,351.839
surf_artois,35,351.747
surf_zen,31,351.670
surf_beyer2,35,351.097
surf_n_turf,31,350.830
surf_huh,35,350.680
surf_technique,32,350.548
surf_adventure_final,33,350.510
surf_perennial,33,350.337
surf_shodan,34,350.183
surf_heaven_njv,31,350.052
surf_beyer,31,349.890
surf_stonks,32,349.870
surf_mwag_reloaded,33,349.751
surf_sluice_final,32,349.260
surf_tempest2,31,349.138
surf_nebula,31,349.084
surf_zbig_ksf,32,348.903
surf_nac,32,348.859
surf_lolrevlis2,31,348.853
surf_epiphany,33,348.731
surf_honour,33,348.726
surf_assail,32,348.462
surf_ing,32,348.354
surf_anubis_ksf,36,348.147
surf_forgotten,36,348.055
surf_elites_v2,31,348.015
surf_squirrelsonvacation,31,347.830
surf_tempest,32,347.318
surf_endeavor,31,347.304
surf_quickie_fix,33,347.247
surf_vestige_fix,31,347.129
surf_honour,32,347.007
surf_apollo,31,346.956
surf_wasteland,31,346.684
surf_sippysip,31,346.580
surf_froots_ksf,34,346.573
surf_happyhands2,31,346.511
surf_quickie_fix,31,346.445
surf_tranquil,31,346.418
surf_efficacy,31,346.275
surf_sanctuary,31,346.184
surf_excavation,34,346.018
surf_scarlet_ksf,32,345.864
surf_calycate_ksf,31,345.800
surf_lt_unicorn,33,345.717
surf_mwag_reloaded,35,345.590
surf_wasteland2,33,345.521
surf_despair,39,345.285
surf_cyka_ksf,31,345.278
surf_yellow,33,344.979
surf_volcanic,31,344.611
surf_helloworld,32,344.116
surf_nocturn,32,344.055
surf_rez2,32,343.934
surf_auroria2,31,343.719
surf_helljumper,33,343.655
surf_dhyana,32,343.616
surf_amateur_v2b,31,343.412
surf_race_final,32,343.350
surf_excess,31,343.026
surf_zbig_ksf,31,342.863
surf_corruption,34,342.766
surf_togo,31,342.590
surf_adtr_njv,31,342.533
surf_oasis,32,342.477
surf_cavemissile_fix,31,342.326
surf_rise,31,342.166
surf_sandtrap,32,341.969
surf_embrace,32,341.662
surf_diminsion,31,341.552
surf_mudkip,31,341.516
surf_instantdeath,31,341.472
surf_driftless,31,340.998
surf_barbies_malibu_adventure,31,340.902
surf_spaceship_ksf,32,340.688
surf_tronic_njv,32,340.653
surf_cosmo,31,340.128
surf_sodacity,33,339.432
surf_sc_colours,31,339.130
surf_hotwheels_fix,34,338.919
surf_flyin_fortress_fix,31,338.903
surf_tranquil,32,338.302
surf_bob,31,337.059
surf_bluewinter,31,336.858
surf_happyhands4,32,336.856
surf_forgotten,33,336.806
surf_anzchamps,31,336.464
surf_not_so_sinister_ksf,31,336.250
surf_proximity_final,31,336.155
surf_bikini_bottom,32,336.079
surf_ember2,32,336.021
surf_anoobis,33,336.018
surf_pyzire_retexture,32,335.948
surf_subway,31,335.699
surf_journeys,31,335.621
surf_aura,34,335.519
surf_barbies_malibu_adventure,39,335.496
surf_sedona,36,334.546
surf_sanctuary,32,334.411
surf_rez,32,334.349
surf_grid_ksf,31,334.298
surf_mwag_reloaded,32,334.270
surf_loweffort2,32,333.913
surf_crystal,31,333.847
surf_proliferation,32,333.808
surf_illumination,31,333.209
surf_inrage2,31,332.444
surf_race_final,34,331.728
surf_mate,35,331.538
surf_seaside,31,331.454
surf_hades2,31,331.324
surf_lessons,32,331.161
surf_6,31,331.042
surf_mate,31,330.962
surf_coralis_ksf,31,330.954
surf_torque2,32,330.619
surf_frey_remake,32,329.982
surf_lockdown,31,329.896
surf_tycho2,33,329.857
surf_666,31,329.814
surf_bnw_njv,31,329.626
surf_school_fix,31,329.475
surf_subway,32,329.246
surf_kepler,31,329.165
surf_tycho_fix,31,328.845
surf_kartune,33,328.667
surf_anubis_ksf,31,328.428
surf_pantheon,31,327.894
surf_tycho_fix,33,326.499
surf_delight,32,325.789
surf_aura,32,325.661
surf_happyhands2,34,325.516
surf_vale,31,325.221
surf_outra,31,325.187
surf_zealand,32,325.164
surf_saturday,31,325.121
surf_illumination,32,324.326
surf_hades2,32,323.990
surf_hades,31,323.854
surf_carbon,33,323.847
surf_adventure_final,32,323.521
surf_pagoda,31,323.073
surf_ardon_fix,32,322.522
surf_runewords2_lod,33,322.459
surf_boogie_woogie,36,322.355
surf_serenity2,31,322.046
surf_the_distance,32,321.816
surf_excess,39,321.225
surf_me,31,321.152
surf_sinner_ksf,31,320.846
surf_kitsune2,34,320.610
surf_drifting,31,320.492
surf_ardon_fix,35,320.283
surf_graphia,31,320.045
surf_lost,33,320.029
surf_mom_fix,31,319.918
surf_garden_h,32,319.876
surf_1day,31,319.796
surf_premium,32,319.754
surf_tuscany,32,319.361
surf_lt_unicorn,32,319.341
surf_skipalot,33,319.201
surf_low_production,32,319.120
surf_yellow,31,318.936
surf_lament_ksf,31,318.900
surf_tempest4,32,318.641
surf_morbid2,31,318.619
surf_artois,34,317.569
surf_fornax,31,317.273
surf_calycate2,31,316.973
surf_pagoda,32,316.391
surf_gigapede,31,315.915
surf_8bit,31,315.482
surf_shy,31,314.487
surf_mate,34,314.487
surf_olivia,32,313.716
surf_carbon,32,313.607
surf_efficacy,33,313.546
surf_echo,32,313.492
surf_sluice_final,31,313.278
surf_angelina,31,313.163
surf_bork_nbv,31,312.866
surf_bbb,32,312.432
surf_mdrn,31,311.925
surf_frey_remake,31,311.916
surf_lost2,33,311.810
surf_golden_refix,32,310.979
surf_noble,31,310.880
surf_andromeda,31,310.730
surf_and_destroy_fix,32,309.706
surf_static,31,309.351
surf_tendies,31,309.046
surf_ofsfice,31,308.817
surf_summit,33,308.664
surf_psycho,31,308.629
surf_twilight_njv,32,308.294
surf_kaaba,31,308.227
surf_4head,31,307.483
surf_parc_colore,34,307.234
surf_trapped2,31,307.228
surf_pls,31,307.201
surf_the_distance,31,307.057
surf_fornax,35,306.293
surf_fabas,31,306.223
surf_froots_ksf,36,305.927
surf_happyhands2,32,305.718
surf_ny_platinum,31,305.692
surf_sidelines,31,305.363
surf_outside,31,305.084
surf_hob,31,304.999
surf_lost,31,304.773
surf_happyhands,31,304.489
surf_antagonist,31,303.609
surf_2pacisalive,31,303.344,<--------------------------------- tier 3
surf_sandstorm2,31,303.303
surf_tempest2,32,302.962
surf_kz_protraining,31,302.901
surf_whoknows2,31,302.400
surf_corruption,33,302.176
surf_krow10,31,302.110
surf_serenity2,35,301.805
surf_froots_ksf,32,301.425
surf_stonks,31,300.634
surf_crystal,32,300.546
surf_gleam,31,300.539
surf_pipeline,35,300.468
surf_liberation2,31,300.438
surf_zoomboys,32,300.427
surf_forsaken,32,300.195
surf_despair,38,300.161
surf_aura,35,300.045
surf_korn,31,299.877
surf_froots2,33,299.661
surf_garden,31,298.703
surf_domain,31,298.235
surf_tuscany,33,298.076
surf_barbies_malibu_adventure,37,297.181
surf_anubis_ksf,39,297.071
surf_happyhands,32,296.975
surf_twilight_njv,31,296.869
surf_summit,31,296.827
surf_semesterbreak,31,296.548
surf_hades2,35,296.460
surf_sodacity,34,296.245
surf_echo,31,296.190
surf_leidenfrost,31,295.763
surf_anoobis,37,295.738
surf_minigolf_ksf,31,294.780
surf_nocturn,31,294.679
surf_25_lighters,33,294.383
surf_happyhug,34,294.328
surf_chromatic,32,294.040
surf_edge,33,293.082
surf_kepler,32,292.797
surf_ardon_fix,31,292.356
surf_zealand,31,291.457
surf_eggplant,31,291.052
surf_artois,33,291.030
surf_aqua_fix,31,290.876
surf_abandoned,33,290.726
surf_frost,38,290.498
surf_beyond,32,290.250
surf_happyhands3,33,289.876
surf_techslop,34,288.860
surf_y,32,288.269
surf_whynot,31,287.324
surf_sleeper,31,287.223
surf_calzone,31,286.821
surf_sodacity,31,286.309
surf_exogenesis,31,285.623
surf_cyberwave,31,284.233
surf_assail,31,283.793
surf_listless_ksf,32,282.856
surf_excavation,33,282.606
surf_froots_ksf,38,282.602
surf_neoteric_retexture,34,281.979
surf_celestial,31,281.453
surf_parc_colore,31,280.810
surf_sodacity,32,280.460
surf_neoplasma_ksf,31,280.418
surf_hotwheels_fix,31,280.052
surf_sedona,40,279.654
surf_tempest4,36,279.547
surf_trapped2,32,278.123
surf_epic,31,277.238
surf_kz_protraining,34,277.170
surf_theme,31,276.797
surf_nyx,31,276.647
surf_chasm,31,276.597
surf_whiteout,31,275.824
surf_oasis,31,275.694
surf_citypop,33,275.606
surf_salvador_ksf,31,275.527
surf_cavemissile_fix,34,275.504
surf_rands,32,274.886
surf_epiphany,34,274.344
surf_raqqit,32,274.239
surf_666,33,274.163
surf_r-ne,31,273.736
surf_happyhands2,33,273.445
surf_boogie_woogie,31,272.855
surf_north,33,272.416
surf_dusk,31,272.333
surf_lost2,31,272.173
surf_kz_mix_journeys,31,271.915
surf_nova,31,270.657
surf_meme,31,270.527
surf_sandtrap2,31,269.863
surf_loweffort2,31,269.773
surf_beginner2,33,269.531
surf_oddworld,31,269.478
surf_forgotten,31,269.475
surf_elements_beta3,31,269.185
surf_bikini_bottom,31,268.942
surf_psycho,32,267.880
surf_mesa_mine,31,267.638
surf_nuclear,31,266.924
surf_n_turf,32,266.916
surf_sandtrap,31,264.182
surf_kitsune2,33,263.078
surf_ivory,32,263.070
surf_swagtoast,31,262.845
surf_ruse,36,262.704
surf_quirky,31,262.206
surf_zae,33,260.521
surf_commune_too_beta5,32,260.384
surf_vacant,32,258.566
surf_liberation2,32,258.436
surf_refraxis,32,256.034
surf_shodan,31,252.937
surf_intense_ksf,31,250.843
surf_froots_ksf,37,250.747
surf_exurbia2,31,250.639
surf_stonework2,31,250.596
surf_tempest,31,250.465
surf_and_destroy_fix,31,250.150
surf_beyond2,31,248.475
surf_kloakk,33,247.513
surf_zae,31,247.187
surf_garden,32,246.948
surf_tuscany,34,246.110
surf_not_so_sinister_ksf,33,245.363
surf_fortum_fix,31,244.384
surf_kvas,31,244.305
surf_sunday,33,244.038
surf_simpsons_source,33,244.013,<--------------------------------- tier 2
surf_liberation,31,243.181
surf_lore,32,242.884
surf_kloakk,34,242.653
surf_torque2,31,242.516
surf_sofia_fix,31,242.317
surf_palm,32,242.106
surf_tequila,34,241.275
surf_illusion,31,241.092
surf_bbb,31,239.208
surf_ethereal,31,238.169
surf_ember2,31,237.308
surf_ethereal,32,237.070
surf_highlands,31,236.482
surf_happyhands3,31,236.327
surf_froots_ksf,33,236.289
surf_juturna,31,235.687
surf_commune_too_beta5,31,235.606
surf_zae,32,233.866
surf_simpsons_source,34,233.283
surf_fast,32,233.050
surf_exurbia_v2,31,230.857
surf_network2008_final,31,228.930
surf_seaside,32,227.693
surf_artois,31,225.821
surf_tempest4,31,225.712
surf_illumination,35,224.363
surf_rez,31,220.835
surf_simpsons_source,32,219.414
surf_guitar_hi,31,219.099
surf_orthodox,32,218.291
surf_beyond2,32,217.043
surf_orthodox,31,216.120
surf_aura,33,215.674
surf_garden,33,215.594
surf_lore,31,214.400
surf_4am,31,214.384
surf_beverages_remix,31,213.140
surf_the_internet,32,209.689
surf_ripper,31,209.042
surf_brodderlands,31,207.793
surf_egypt2,31,206.407
surf_simpsons_source,31,205.985
surf_tempest,33,204.065
surf_race_final,33,203.984
surf_whoknows_ksf,31,202.507
surf_premium,31,202.075
surf_beyond,31,200.433
surf_rebel_scaz_ksf,31,197.174
surf_torque,31,196.568
surf_trance,31,193.393
surf_race_final,31,192.016
surf_fortum_fix,32,189.497
surf_y,33,185.198
surf_aura,31,184.654
surf_globalchaos,31,183.430
surf_artois,32,181.466
surf_chaos_fix,31,171.649
surf_aircontrol_ksf,32,169.837
surf_spacejam,31,158.878,<--------------------------------- tier 1
